domain,mot_mean,prop_mean,mot_median,prop_median,diff,ratio,favours
innovation,12.006711119183123,6.01899965239728,8.582446725780647,3.9747729223358563,5.987711466785843,1.9948017631802029,motioner
education,7.707025909929357,2.25907482559569,3.5818535260444655,0.4952408588482633,5.447951084333667,3.4115850535836545,motioner
labour,6.6675621143933785,2.692040580299655,4.180680794021585,1.0532583132260438,3.9755215340937236,2.476768798801392,motioner
healthcare,5.050714428172719,1.8118419078090022,0.9012275407859068,0.4793940119356469,3.2388725203637163,2.7876132053267124,motioner
environment,5.060757970825866,2.9598754743504845,1.5631772468006226,0.2985621565064414,2.100882496475381,1.7097874605472716,motioner
defence,4.5529592732712585,2.851466882110842,1.2459223491090063,0.8958474934668785,1.7014923911604165,1.5967077513103924,motioner
ethics,4.430165467489734,3.066246012709415,2.576223934794725,1.5353581649472436,1.3639194547803188,1.444817359444399,motioner
public_sector,10.819776146773409,10.012828881850497,8.022353686452764,8.080038541754266,0.8069472649229112,1.0805913368184694,motioner
