category,mot_mean,prop_mean,difference,cohens_d,p_value,significant
state_government,17.43723476262575,11.510342733116886,5.926892029508863,0.80575937235224,2.3521076446007202e-47,True
communities_groups,5.8618342262411085,3.3901487496301264,2.471685476610982,0.5843078771359542,1.7850029107934975e-29,True
vulnerable_groups,1.865901198932859,0.7458922973274326,1.1200089016054267,0.48106396522534217,2.599010264347069e-05,True
experts_academia,4.521428645820006,1.6682204976674828,2.8532081481525227,0.3349899535248131,3.2068601122427132e-15,True
workers_employees,0.9617480009564657,0.6798441525428892,0.2819038484135765,0.17060929944510148,0.4980008112737804,False
industry_business,7.38078292105515,6.112469389090435,1.268313531964715,0.15902891850419376,1.4765403644438386e-05,True
citizens_individuals,4.22221281185934,4.581792707012904,-0.3595798951535647,-0.07013025028997595,0.3358013975527431,False
eu_international,4.400901940748792,7.761028746088415,-3.3601268053396227,-0.46310515782954353,1.1790351813803897e-24,True
